marker,ExN,InN,MG,Astro,Oligo,OPC,VC
ALDH1L1,0,0,0,1,0,0,0
APBB1IP,0,0,1,0,0,0,0
AQP4,0,0,0,1,0,0,0
CD74,0,0,1,0,0,0,0
CLDN11,0,0,0,0,1,0,0
CLDN5,0,0,0,0,0,0,1
COL5A3,0,0,0,1,0,0,0
COLEC12,0,0,0,0,0,0,1
CSF1R,0,0,1,0,0,0,0
CX3CR1,0,0,1,0,0,0,0
EPAS1,0,0,0,0,0,0,1
GAD1,0,1,0,0,0,0,0
GAD2,0,1,0,0,0,0,0
GFAP,0,0,0,1,0,0,0
ITGAM,0,0,1,0,0,0,0
LHFPL3,0,0,0,0,0,1,0
MBP,0,0,0,0,1,0,0
MEGF11,0,0,0,0,0,1,0
MOBP,0,0,0,0,1,0,0
OPALIN,0,0,0,0,1,0,0
P2RY12,0,0,1,0,0,0,0
PCDH15,0,0,0,0,0,1,0
PDGFRA,0,0,0,0,0,1,0
PLP1,0,0,0,0,1,0,0
PTPRC,0,0,1,0,0,0,0
PVALB,0,1,0,0,0,0,0
RORB,1,0,0,0,0,0,0
SLC17A6,1,0,0,0,0,0,0
SLC17A7,1,0,0,0,0,0,0
SLC1A2,0,0,0,1,0,0,0
SLC1A3,0,0,0,1,0,0,0
SST,0,1,0,0,0,0,0
ST18,0,0,0,0,1,0,0
THEMIS,1,0,0,0,0,0,0
VCAM1,0,0,0,0,0,0,1
VCAN,0,0,0,0,0,1,0
VIP,0,1,0,0,0,0,0